connection,
guiltless,
whistle,
tacky,
puny,
bless,
wiry,
contain,
incredible,
suck,
jealous,
thank,
crack,
air,
gorgeous,
gullible,
fog,
territory,
blue,
allow,
needy,
gentle,
children,
therapeutic,
influence,
nappy,
stupendous,
sneaky,
pig,
expand,
colour,
basketball,
mind,
support,
giants,
madly,
rhyme,
snatch,
skinny,
infamous,
rainy,
clumsy,
smart,
ratty,
own,
omniscient,
agreeable,
amount,
sparkling,
uttermost,
fine,
frightening,
loose,
sister,
average,
party,
wholesale,
bag,
rambunctious,
slave,
sofa,
groovy,
filthy,
thick,
stem,
direful,
foamy,
cave,
doctor,
soothe,
measly,
friendly,
deer,
deadpan,
lonely,
paint,
insect,
trail,
quarrelsome,
creature,
common,
thirsty,
sigh,
rejoice,
bare,
condition,
spotty,
follow,
hall,
pump,
scissors,
chemical,
advise,
frog,
abundant,
beautiful,
unlock,
distance,
lopsided,
hard,